{"_wandb":{"runtime":2657},"metrics/rmse_rho_gg":0.0009169625118374825,"loss/data":2.1287155504978728e-06,"_runtime":2657,"metrics/trace_error":1.1920928955078125e-07,"train/lr":6.25e-05,"loss/constraint":6.057376657183429e-16,"metrics/best_loss":2.4511762603651732e-05,"plots/restricciones":{"width":1200,"height":400,"_type":"image-file","sha256":"18cd93de2982ac4c5ee4fe7b3c3ddb7711fca68e85f32bca627f571e67dc4a27","size":48391,"path":"media/images/plots/restricciones_403_18cd93de2982ac4c5ee4.png","format":"png"},"final/mae_rho_ee":0.00023189569466743214,"metrics/purity_max":0.9997609853744507,"final/purity_violations":0,"final/max_rho_gg":0.0009102127579780905,"metrics/purity_avg":0.666790783405304,"final/max_trace_err":1.1920928955078125e-07,"final/mae_rho_gg":0.00023189436619401222,"final/max_rho_ee":0.0009101829556559804,"epoch":19950,"final/purity_max":0.999740481376648,"loss/ic":3.20516981844321e-08,"loss/total":0.0001185220608022064,"final/valid":1,"final/mae_purity":0.00025439009610472385,"plots/errores":{"size":107408,"path":"media/images/plots/errores_402_cb64bb98e014dc110191.png","format":"png","width":1500,"height":400,"_type":"image-file","sha256":"cb64bb98e014dc1101918eed00b9529f2a9cb206307242e26dca7b47f2b9e3af"},"metrics/rmse_rho_ee":0.0009169625118374825,"_timestamp":1.7713083429085243e+09,"_step":403,"final/max_purity_err":0.0016190255888889338,"plots/comparacion":{"path":"media/images/plots/comparacion_401_59c0d94aee2ff42c4046.png","format":"png","width":1300,"height":800,"_type":"image-file","sha256":"59c0d94aee2ff42c4046f199e0aef0071a736708e44609e0084fca08534b2ffb","size":143457},"loss/physics":5.67594361200463e-06}