{"metrics/purity_avg":0.6312270760536194,"final/mae_purity":0.03943158676746801,"_wandb":{"runtime":1134},"_timestamp":1.771343597694556e+09,"final/max_rho_gg":0.11040112818071868,"plots/perdidas":{"format":"png","width":1600,"height":400,"_type":"image-file","sha256":"1be49690650ca320d7d75ec5814adda91e38c08bd918137002f6e5a3513d8754","size":53253,"path":"media/images/plots/perdidas_403_1be49690650ca320d7d7.png"},"loss/total":0.000173982247360982,"loss/physics":0.0001724395260680467,"train/lr":0.0003645,"plots/comparacion":{"width":1400,"height":900,"_type":"image-file","sha256":"7bbf115e836f1f5a98a96f335c02c44d487282f6c262170d0f90d7ea65158990","size":165002,"path":"media/images/plots/comparacion_401_7bbf115e836f1f5a98a9.png","format":"png"},"plots/restricciones":{"format":"png","width":1500,"height":400,"_type":"image-file","sha256":"d6570b8aa697b3f4945a319b8f9ccc8a255a016951fa4bb37628eba5969900c1","size":64206,"path":"media/images/plots/restricciones_402_d6570b8aa697b3f4945a.png"},"metrics/purity_max":0.9998819231987,"epoch":19950,"metrics/trace_error":4.291534423828125e-06,"final/mae_rho_gg":0.0412189841496233,"final/max_rho_ee":0.11040109837839762,"final/mae_rho_ee":0.04121874348789568,"final/purity_max":0.999906063079834,"final/purity_violations":0,"final/max_trace_err":4.291534423828125e-06,"loss/constraint":3.1254679833808696e-12,"_step":403,"final/valid":1,"_runtime":1134,"metrics/best_loss":0.00015549043018836528,"loss/ic":7.713305549827965e-09}