{"loss/total":0.0020813392475247383,"_step":34,"metrics/purity_max":0.9990496635437012,"_timestamp":1.7713423452624497e+09,"loss/physics":0.0020010839216411114,"epoch":1700,"loss/ic":4.012764236449584e-07,"metrics/purity_avg":0.5685155987739563,"_runtime":123,"metrics/trace_error":2.384185791015625e-07,"train/lr":0.0005,"metrics/best_loss":0.0020735810976475477,"loss/constraint":2.4240165267825492e-14,"_wandb":{"runtime":123}}